Model,Accuracy,Precision,Recall,F1-Score
LogisticRegression,0.602,0.6247570665581847,0.602,0.6068602289757499
RandomForest,0.606,0.5908645617598904,0.606,0.5863503809588049
NaiveBayes,0.576,0.6641160322481886,0.576,0.5086329203824166
Optimized_XGBoost,0.596,0.5839458292034763,0.596,0.5722759603164982
